
#-- 系统配置

INSERT INTO phpbb_config (config_name, config_value) VALUES ('config_id','1');
INSERT INTO phpbb_config (config_name, config_value) VALUES ('board_disable','0');
INSERT INTO phpbb_config (config_name, config_value) VALUES ('sitename','网站名称');
INSERT INTO phpbb_config (config_name, config_value) VALUES ('site_desc','用于描述论坛的一段文字');
INSERT INTO phpbb_config (config_name, config_value) VALUES ('cookie_name','phpbb2mysql');
INSERT INTO phpbb_config (config_name, config_value) VALUES ('cookie_path','/');
INSERT INTO phpbb_config (config_name, config_value) VALUES ('cookie_domain','');
INSERT INTO phpbb_config (config_name, config_value) VALUES ('cookie_secure','0');
INSERT INTO phpbb_config (config_name, config_value) VALUES ('session_length','3600');
INSERT INTO phpbb_config (config_name, config_value) VALUES ('allow_html','0');
INSERT INTO phpbb_config (config_name, config_value) VALUES ('allow_html_tags','b,i,u,pre');
INSERT INTO phpbb_config (config_name, config_value) VALUES ('allow_bbcode','1');
INSERT INTO phpbb_config (config_name, config_value) VALUES ('allow_smilies','1');
INSERT INTO phpbb_config (config_name, config_value) VALUES ('allow_sig','1');
INSERT INTO phpbb_config (config_name, config_value) VALUES ('allow_namechange','0');
INSERT INTO phpbb_config (config_name, config_value) VALUES ('allow_theme_create','0');
INSERT INTO phpbb_config (config_name, config_value) VALUES ('allow_avatar_remote','0');
INSERT INTO phpbb_config (config_name, config_value) VALUES ('allow_avatar_upload','0');
INSERT INTO phpbb_config (config_name, config_value) VALUES ('enable_confirm', '0');
INSERT INTO phpbb_config (config_name, config_value) VALUES ('allow_autologin','1');
INSERT INTO phpbb_config (config_name, config_value) VALUES ('max_autologin_time','0');
INSERT INTO phpbb_config (config_name, config_value) VALUES ('posts_per_page','10');
INSERT INTO phpbb_config (config_name, config_value) VALUES ('topics_per_page','10');
INSERT INTO phpbb_config (config_name, config_value) VALUES ('max_poll_options','10');
INSERT INTO phpbb_config (config_name, config_value) VALUES ('max_sig_chars','255');
INSERT INTO phpbb_config (config_name, config_value) VALUES ('max_inbox_privmsgs','50');
INSERT INTO phpbb_config (config_name, config_value) VALUES ('max_sentbox_privmsgs','25');
INSERT INTO phpbb_config (config_name, config_value) VALUES ('max_savebox_privmsgs','50');
INSERT INTO phpbb_config (config_name, config_value) VALUES ('board_email_sig','使用 phpBB-WAP 程序发送的邮件');
INSERT INTO phpbb_config (config_name, config_value) VALUES ('board_email','youraddress@yourdomain.com');
INSERT INTO phpbb_config (config_name, config_value) VALUES ('smtp_delivery','0');
INSERT INTO phpbb_config (config_name, config_value) VALUES ('smtp_host','');
INSERT INTO phpbb_config (config_name, config_value) VALUES ('smtp_username','');
INSERT INTO phpbb_config (config_name, config_value) VALUES ('smtp_password','');
INSERT INTO phpbb_config (config_name, config_value) VALUES ('sendmail_fix','0');
INSERT INTO phpbb_config (config_name, config_value) VALUES ('require_activation','0');
INSERT INTO phpbb_config (config_name, config_value) VALUES ('flood_interval','15');
INSERT INTO phpbb_config (config_name, config_value) VALUES ('search_flood_interval','15');
INSERT INTO phpbb_config (config_name, config_value) VALUES ('search_min_chars','3');
INSERT INTO phpbb_config (config_name, config_value) VALUES ('max_login_attempts', '5');
INSERT INTO phpbb_config (config_name, config_value) VALUES ('login_reset_time', '30');
INSERT INTO phpbb_config (config_name, config_value) VALUES ('board_email_form','0');
INSERT INTO phpbb_config (config_name, config_value) VALUES ('avatar_filesize','6144');
INSERT INTO phpbb_config (config_name, config_value) VALUES ('avatar_max_width','80');
INSERT INTO phpbb_config (config_name, config_value) VALUES ('avatar_max_height','80');
INSERT INTO phpbb_config (config_name, config_value) VALUES ('avatar_path','images/avatars');
INSERT INTO phpbb_config (config_name, config_value) VALUES ('smilies_path','images/smiles');
INSERT INTO phpbb_config (config_name, config_value) VALUES ('default_style','1');
INSERT INTO phpbb_config (config_name, config_value) VALUES ('default_dateformat','Y年m月d日 H时:i分');
INSERT INTO phpbb_config (config_name, config_value) VALUES ('board_timezone','8');
INSERT INTO phpbb_config (config_name, config_value) VALUES ('prune_enable','1');
INSERT INTO phpbb_config (config_name, config_value) VALUES ('privmsg_disable','0');
INSERT INTO phpbb_config (config_name, config_value) VALUES ('record_online_users', '0');
INSERT INTO phpbb_config (config_name, config_value) VALUES ('record_online_date', '0');
INSERT INTO phpbb_config (config_name, config_value) VALUES ('server_name', 'localhost');
INSERT INTO phpbb_config (config_name, config_value) VALUES ('server_port', '80');
INSERT INTO phpbb_config (config_name, config_value) VALUES ('script_path', '/');
INSERT INTO phpbb_config (config_name, config_value) VALUES ('version', '6.1');
INSERT INTO phpbb_config (config_name, config_value) VALUES ('rand_seed', '0');
INSERT INTO phpbb_config (config_name, config_value) VALUES ('online_time', '60');
INSERT INTO phpbb_config (config_name, config_value) VALUES ('max_user_topics_per_page', '50');
INSERT INTO phpbb_config (config_name, config_value) VALUES ('max_user_posts_per_page', '50');
INSERT INTO phpbb_config (config_name, config_value) VALUES ('birthday_greeting', '1');
INSERT INTO phpbb_config (config_name, config_value) VALUES ('max_user_age', '100');
INSERT INTO phpbb_config (config_name, config_value) VALUES ('min_user_age', '5');
INSERT INTO phpbb_config (config_name, config_value) VALUES ('birthday_check_day', '7');
INSERT INTO phpbb_config (config_name, config_value) VALUES ('index_announcement', '');
INSERT INTO phpbb_config (config_name, config_value) VALUES ('index_spisok', '0');
INSERT INTO phpbb_config (config_name, config_value) VALUES ('min_login_regdate', '0');
INSERT INTO phpbb_config (config_name, config_value) VALUES ('time_click', '100');
INSERT INTO phpbb_config (config_name, config_value) VALUES ('time_last_click', '0');
INSERT INTO phpbb_config (config_name, config_value) VALUES ('sites', '1');
INSERT INTO phpbb_config (config_name, config_value) VALUES ('posl_red', '1');
INSERT INTO phpbb_config (config_name, config_value) VALUES ('captcha_in_topic', '0');
INSERT INTO phpbb_config (config_name, config_value) VALUES ('max_smiles_in_message', '3');
INSERT INTO phpbb_config (config_name, config_value) VALUES ('message_quote', '1');
INSERT INTO phpbb_config (config_name, config_value) VALUES ('points_name', '金币');
INSERT INTO phpbb_config (config_name, config_value) VALUES ('beian_info', '京ICP备00000000');
INSERT INTO phpbb_config (config_name, config_value) VALUES ('guide_progress', '0');
INSERT INTO phpbb_config (config_name, config_value) VALUES ('site_logo', 'logo.png');
INSERT INTO phpbb_config (config_name, config_value) VALUES ('open_rewrite', '0');
INSERT INTO phpbb_config (config_name, config_value) VALUES ('quick_answer', '1'); 

INSERT INTO phpbb_config (config_name, config_value) VALUES ('upload_dir', 'download');
INSERT INTO phpbb_config (config_name, config_value) VALUES ('upload_img', 'images/icons/topic/attachment.gif');
INSERT INTO phpbb_config (config_name, config_value) VALUES ('topic_icon', 'images/icons/topic/attachment.gif');
INSERT INTO phpbb_config (config_name, config_value) VALUES ('display_order', '0');
INSERT INTO phpbb_config (config_name, config_value) VALUES ('max_filesize', '102400');
INSERT INTO phpbb_config (config_name, config_value) VALUES ('attachment_quota', '0');
INSERT INTO phpbb_config (config_name, config_value) VALUES ('max_attachments', '5');
INSERT INTO phpbb_config (config_name, config_value) VALUES ('max_attachments_pm', '3');
INSERT INTO phpbb_config (config_name, config_value) VALUES ('disable_mod', '0');
INSERT INTO phpbb_config (config_name, config_value) VALUES ('attachment_topic_review', '0');
INSERT INTO phpbb_config (config_name, config_value) VALUES ('allow_ftp_upload', '0');
INSERT INTO phpbb_config (config_name, config_value) VALUES ('show_apcp', '0');
INSERT INTO phpbb_config (config_name, config_value) VALUES ('default_upload_quota', '0');
INSERT INTO phpbb_config (config_name, config_value) VALUES ('default_pm_quota', '0');
INSERT INTO phpbb_config (config_name, config_value) VALUES ('ftp_server', '');
INSERT INTO phpbb_config (config_name, config_value) VALUES ('ftp_path', '');
INSERT INTO phpbb_config (config_name, config_value) VALUES ('ftp_user', '');
INSERT INTO phpbb_config (config_name, config_value) VALUES ('ftp_pass', '');
INSERT INTO phpbb_config (config_name, config_value) VALUES ('ftp_pasv_mode', '1');
INSERT INTO phpbb_config (config_name, config_value) VALUES ('img_display_inlined', '1');
INSERT INTO phpbb_config (config_name, config_value) VALUES ('img_max_width', '0');
INSERT INTO phpbb_config (config_name, config_value) VALUES ('img_max_height', '0');
INSERT INTO phpbb_config (config_name, config_value) VALUES ('img_link_width', '0');
INSERT INTO phpbb_config (config_name, config_value) VALUES ('img_link_height', '0');
INSERT INTO phpbb_config (config_name, config_value) VALUES ('img_create_thumbnail', '0');
INSERT INTO phpbb_config (config_name, config_value) VALUES ('img_min_thumb_filesize', '12000');
INSERT INTO phpbb_config (config_name, config_value) VALUES ('img_imagick', '');
INSERT INTO phpbb_config (config_name, config_value) VALUES ('use_gd2', '0');
INSERT INTO phpbb_config (config_name, config_value) VALUES ('wma_autoplay', '0');
INSERT INTO phpbb_config (config_name, config_value) VALUES ('flash_autoplay', '0');
INSERT INTO phpbb_config (config_name, config_value) VALUES ('download_cut_points', '10'); 
INSERT INTO phpbb_config (config_name, config_value) VALUES ('download_add_points', '5');

INSERT INTO phpbb_config (config_name, config_value) VALUES ('patch_version', '0');
INSERT INTO phpbb_config (config_name, config_value) VALUES ('display_login', '1');
INSERT INTO phpbb_config (config_name, config_value) VALUES ('use_tpl_css', '1');

INSERT INTO phpbb_config (config_name, config_value) VALUES ('allow_guests_gb', '0');
INSERT INTO phpbb_config (config_name, config_value) VALUES ('gb_posts', '10');
INSERT INTO phpbb_config (config_name, config_value) VALUES ('gb_quick', '1');
INSERT INTO phpbb_config (config_name, config_value) VALUES ('download_mode', '0');

#-- 论坛分类
INSERT INTO phpbb_categories (cat_id, cat_title, cat_order) VALUES (1, '测试分类', 10);

#-- 论坛
INSERT INTO phpbb_forums (forum_id, forum_name, forum_desc, cat_id, forum_order, forum_posts, forum_topics, forum_last_post_id, auth_view, auth_read, auth_post, auth_reply, auth_edit, auth_delete, auth_announce, auth_sticky, auth_marrow, auth_pollcreate, auth_vote, auth_attachments) VALUES (1, '测试论坛', '', 1, 10, 1, 1, 1, 0, 0, 1, 1, 1, 1, 3, 3, 3, 1, 1, 1);

#-- 会员信息
INSERT INTO phpbb_users (user_id, username, user_level, user_regdate, user_password, user_email, user_qq, user_website, user_occ, user_from, user_interests, user_sig, user_viewemail, user_aim, user_yim, user_msnm, user_posts, user_attachsig, user_allowsmile, user_allowhtml, user_allowbbcode, user_allow_pm, user_notify_pm, user_allow_viewonline, user_rank, user_avatar, user_timezone, user_dateformat, user_actkey, user_newpasswd, user_active) VALUES ( -1, '匿名用户', 0, 0, '', '', '', '', '', '', '', '', 0, '', '', '', 0, 0, 1, 1, 1, 0, 1, 1, NULL, '', 0, '8.00', '', '', 0);
INSERT INTO phpbb_users (user_id, username, user_level, user_regdate, user_password, user_email, user_qq, user_website, user_occ, user_from, user_interests, user_sig, user_viewemail, user_aim, user_yim, user_msnm, user_posts, user_attachsig, user_allowsmile, user_allowhtml, user_allowbbcode, user_allow_pm, user_notify_pm, user_popup_pm, user_allow_viewonline, user_rank, user_avatar, user_timezone, user_dateformat, user_actkey, user_newpasswd, user_active) VALUES ( 1, 'admin', 1, 0, '202cb962ac59075b964b07152d234b70', 'admin@yourdomain.com', '', '', '', '', '', '', 1, '', '', '', 1, 0, 1, 0, 1, 1, 1, 1, 1, 1, '', '8.00', 'Y年m月d日 H:i', '', '', 1);

#-- 等级
INSERT INTO phpbb_ranks (rank_id, rank_title, rank_min, rank_special, rank_image) VALUES (1, '最强王者', -1, 1, NULL);
INSERT INTO phpbb_ranks (rank_id, rank_title, rank_min, rank_special, rank_image) VALUES (2, '菜鸟', 0, 0, NULL);
INSERT INTO phpbb_ranks (rank_id, rank_title, rank_min, rank_special, rank_image) VALUES (3, '新手', 20, 0, NULL);
INSERT INTO phpbb_ranks (rank_id, rank_title, rank_min, rank_special, rank_image) VALUES (4, '入门', 50, 0, NULL);
INSERT INTO phpbb_ranks (rank_id, rank_title, rank_min, rank_special, rank_image) VALUES (5, '老鸟', 100, 0, NULL);
INSERT INTO phpbb_ranks (rank_id, rank_title, rank_min, rank_special, rank_image) VALUES (6, '小虾', 200, 0, NULL);
INSERT INTO phpbb_ranks (rank_id, rank_title, rank_min, rank_special, rank_image) VALUES (7, '大虾', 500, 0, NULL);
INSERT INTO phpbb_ranks (rank_id, rank_title, rank_min, rank_special, rank_image) VALUES (8, '元老', 1000, 0, NULL);

#-- 普通用户组
INSERT INTO phpbb_groups (group_id, group_name, group_description, group_single_user) VALUES (1, '匿名用户', 'Personal User', 1);
INSERT INTO phpbb_groups (group_id, group_name, group_description, group_single_user) VALUES (2, '超级管理员', 'Personal User', 1);

#-- 用户组
INSERT INTO phpbb_user_group (group_id, user_id, user_pending) VALUES (1, -1, 0);
INSERT INTO phpbb_user_group (group_id, user_id, user_pending) VALUES (2, 1, 0);

#-- 主题
INSERT INTO phpbb_topics (topic_id, topic_title, topic_poster, topic_time, topic_views, topic_replies, forum_id, topic_status, topic_type, topic_vote, topic_first_post_id, topic_last_post_id) VALUES (1, '欢迎使用phpBB-WAP！', 1, '0', 0, 0, 1, 0, 0, 0, 1, 1);

#-- 帖子
INSERT INTO phpbb_posts (post_id, topic_id, forum_id, poster_id, post_time, post_username, poster_ip) VALUES (1, 1, 1, 1, UNIX_TIMESTAMP(now()), NULL, '7F000001');
INSERT INTO phpbb_posts_text (post_id, post_subject, post_text) VALUES (1, NULL, '您好！这是一个测试的帖子，当你看到这个帖子时说明程序已经安装成功！假如您不喜欢这个帖子，您可以删除、移动或修改这个帖子。感谢您使用phpBB-WAP！');

#-- 表情
INSERT INTO phpbb_smilies (smilies_id, code, smile_url, emoticon) VALUES ( 1, '[/微笑]', '1.gif', ' ');
INSERT INTO phpbb_smilies (smilies_id, code, smile_url, emoticon) VALUES ( 2, '[/撇嘴]', '2.gif', ' ');
INSERT INTO phpbb_smilies (smilies_id, code, smile_url, emoticon) VALUES ( 3, '[/色]', '3.gif', ' ');
INSERT INTO phpbb_smilies (smilies_id, code, smile_url, emoticon) VALUES ( 4, '[/发呆]', '4.gif', ' ');
INSERT INTO phpbb_smilies (smilies_id, code, smile_url, emoticon) VALUES ( 5, '[/得意]', '5.gif', ' ');
INSERT INTO phpbb_smilies (smilies_id, code, smile_url, emoticon) VALUES ( 6, '[/流泪]', '6.gif', ' ');
INSERT INTO phpbb_smilies (smilies_id, code, smile_url, emoticon) VALUES ( 7, '[/害羞]', '7.gif', ' ');
INSERT INTO phpbb_smilies (smilies_id, code, smile_url, emoticon) VALUES ( 8, '[/闭嘴]', '8.gif', ' ');
INSERT INTO phpbb_smilies (smilies_id, code, smile_url, emoticon) VALUES ( 9, '[/睡]', '9.gif', ' ');
INSERT INTO phpbb_smilies (smilies_id, code, smile_url, emoticon) VALUES ( 10, '[/大哭]', '10.gif', ' ');
INSERT INTO phpbb_smilies (smilies_id, code, smile_url, emoticon) VALUES ( 11, '[/尴尬]', '11.gif', ' ');
INSERT INTO phpbb_smilies (smilies_id, code, smile_url, emoticon) VALUES ( 12, '[/发怒]', '12.gif', ' ');
INSERT INTO phpbb_smilies (smilies_id, code, smile_url, emoticon) VALUES ( 13, '[/调皮]', '13.gif', ' ');
INSERT INTO phpbb_smilies (smilies_id, code, smile_url, emoticon) VALUES ( 14, '[/龇牙]', '14.gif', ' ');
INSERT INTO phpbb_smilies (smilies_id, code, smile_url, emoticon) VALUES ( 15, '[/惊讶]', '15.gif', ' ');
INSERT INTO phpbb_smilies (smilies_id, code, smile_url, emoticon) VALUES ( 16, '[/难过]', '16.gif', ' ');
INSERT INTO phpbb_smilies (smilies_id, code, smile_url, emoticon) VALUES ( 17, '[/酷]', '17.gif', ' ');
INSERT INTO phpbb_smilies (smilies_id, code, smile_url, emoticon) VALUES ( 18, '[/冷汗]', '18.gif', ' ');
INSERT INTO phpbb_smilies (smilies_id, code, smile_url, emoticon) VALUES ( 19, '[/抓狂]', '19.gif', ' ');
INSERT INTO phpbb_smilies (smilies_id, code, smile_url, emoticon) VALUES ( 20, '[/吐]', '20.gif', ' ');
INSERT INTO phpbb_smilies (smilies_id, code, smile_url, emoticon) VALUES ( 21, '[/偷笑]', '21.gif', ' ');
INSERT INTO phpbb_smilies (smilies_id, code, smile_url, emoticon) VALUES ( 22, '[/可爱]', '22.gif', ' ');
INSERT INTO phpbb_smilies (smilies_id, code, smile_url, emoticon) VALUES ( 23, '[/白眼]', '23.gif', ' ');
INSERT INTO phpbb_smilies (smilies_id, code, smile_url, emoticon) VALUES ( 24, '[/傲慢]', '24.gif', ' ');
INSERT INTO phpbb_smilies (smilies_id, code, smile_url, emoticon) VALUES ( 25, '[/饥饿]', '25.gif', ' ');
INSERT INTO phpbb_smilies (smilies_id, code, smile_url, emoticon) VALUES ( 26, '[/困]', '26.gif', ' ');
INSERT INTO phpbb_smilies (smilies_id, code, smile_url, emoticon) VALUES ( 27, '[/惊恐]', '27.gif', ' ');
INSERT INTO phpbb_smilies (smilies_id, code, smile_url, emoticon) VALUES ( 28, '[/流汗]', '28.gif', ' ');
INSERT INTO phpbb_smilies (smilies_id, code, smile_url, emoticon) VALUES ( 29, '[/憨笑]', '29.gif', ' ');
INSERT INTO phpbb_smilies (smilies_id, code, smile_url, emoticon) VALUES ( 30, '[/大兵]', '30.gif', ' ');
INSERT INTO phpbb_smilies (smilies_id, code, smile_url, emoticon) VALUES ( 31, '[/奋斗]', '31.gif', ' ');
INSERT INTO phpbb_smilies (smilies_id, code, smile_url, emoticon) VALUES ( 32, '[/咒骂]', '32.gif', ' ');
INSERT INTO phpbb_smilies (smilies_id, code, smile_url, emoticon) VALUES ( 33, '[/疑问]', '33.gif', ' ');
INSERT INTO phpbb_smilies (smilies_id, code, smile_url, emoticon) VALUES ( 34, '[/嘘]', '34.gif', ' ');
INSERT INTO phpbb_smilies (smilies_id, code, smile_url, emoticon) VALUES ( 35, '[/晕]', '35.gif', ' ');
INSERT INTO phpbb_smilies (smilies_id, code, smile_url, emoticon) VALUES ( 36, '[/折磨]', '36.gif', ' ');
INSERT INTO phpbb_smilies (smilies_id, code, smile_url, emoticon) VALUES ( 37, '[/衰]', '37.gif', ' ');
INSERT INTO phpbb_smilies (smilies_id, code, smile_url, emoticon) VALUES ( 38, '[/骷髅]', '38.gif', ' ');
INSERT INTO phpbb_smilies (smilies_id, code, smile_url, emoticon) VALUES ( 39, '[/敲打]', '39.gif', ' ');
INSERT INTO phpbb_smilies (smilies_id, code, smile_url, emoticon) VALUES ( 40, '[/再见]', '40.gif', ' ');
INSERT INTO phpbb_smilies (smilies_id, code, smile_url, emoticon) VALUES ( 41, '[/擦汗]', '41.gif', ' ');
INSERT INTO phpbb_smilies (smilies_id, code, smile_url, emoticon) VALUES ( 42, '[/抠鼻]', '42.gif', ' ');
INSERT INTO phpbb_smilies (smilies_id, code, smile_url, emoticon) VALUES ( 43, '[/鼓掌]', '43.gif', ' ');
INSERT INTO phpbb_smilies (smilies_id, code, smile_url, emoticon) VALUES ( 44, '[/糗大了]', '44.gif', ' ');
INSERT INTO phpbb_smilies (smilies_id, code, smile_url, emoticon) VALUES ( 45, '[/坏笑]', '45.gif', ' ');
INSERT INTO phpbb_smilies (smilies_id, code, smile_url, emoticon) VALUES ( 46, '[/左哼哼]', '46.gif', ' ');
INSERT INTO phpbb_smilies (smilies_id, code, smile_url, emoticon) VALUES ( 47, '[/右哼哼]', '47.gif', ' ');
INSERT INTO phpbb_smilies (smilies_id, code, smile_url, emoticon) VALUES ( 48, '[/打哈欠]', '48.gif', ' ');
INSERT INTO phpbb_smilies (smilies_id, code, smile_url, emoticon) VALUES ( 49, '[/鄙视]', '49.gif', ' ');
INSERT INTO phpbb_smilies (smilies_id, code, smile_url, emoticon) VALUES ( 50, '[/委屈]', '50.gif', ' ');
INSERT INTO phpbb_smilies (smilies_id, code, smile_url, emoticon) VALUES ( 51, '[/快哭了]', '51.gif', ' ');
INSERT INTO phpbb_smilies (smilies_id, code, smile_url, emoticon) VALUES ( 52, '[/阴险]', '52.gif', ' ');
INSERT INTO phpbb_smilies (smilies_id, code, smile_url, emoticon) VALUES ( 53, '[/亲亲]', '53.gif', ' ');
INSERT INTO phpbb_smilies (smilies_id, code, smile_url, emoticon) VALUES ( 54, '[/吓]', '54.gif', ' ');
INSERT INTO phpbb_smilies (smilies_id, code, smile_url, emoticon) VALUES ( 55, '[/可怜]', '55.gif', ' ');
INSERT INTO phpbb_smilies (smilies_id, code, smile_url, emoticon) VALUES ( 56, '[/菜刀]', '56.gif', ' ');
INSERT INTO phpbb_smilies (smilies_id, code, smile_url, emoticon) VALUES ( 57, '[/西瓜]', '57.gif', ' ');
INSERT INTO phpbb_smilies (smilies_id, code, smile_url, emoticon) VALUES ( 58, '[/啤酒]', '58.gif', ' ');
INSERT INTO phpbb_smilies (smilies_id, code, smile_url, emoticon) VALUES ( 59, '[/篮球]', '59.gif', ' ');
INSERT INTO phpbb_smilies (smilies_id, code, smile_url, emoticon) VALUES ( 60, '[/乒乓球]', '60.gif', ' ');
INSERT INTO phpbb_smilies (smilies_id, code, smile_url, emoticon) VALUES ( 61, '[/咖啡]', '61.gif', ' ');
INSERT INTO phpbb_smilies (smilies_id, code, smile_url, emoticon) VALUES ( 62, '[/饭]', '62.gif', ' ');
INSERT INTO phpbb_smilies (smilies_id, code, smile_url, emoticon) VALUES ( 63, '[/猪头]', '63.gif', ' ');
INSERT INTO phpbb_smilies (smilies_id, code, smile_url, emoticon) VALUES ( 64, '[/玫瑰]', '64.gif', ' ');
INSERT INTO phpbb_smilies (smilies_id, code, smile_url, emoticon) VALUES ( 65, '[/凋谢]', '65.gif', ' ');
INSERT INTO phpbb_smilies (smilies_id, code, smile_url, emoticon) VALUES ( 66, '[/嘴唇]', '66.gif', ' ');
INSERT INTO phpbb_smilies (smilies_id, code, smile_url, emoticon) VALUES ( 67, '[/爱心]', '67.gif', ' ');
INSERT INTO phpbb_smilies (smilies_id, code, smile_url, emoticon) VALUES ( 68, '[/心碎]', '68.gif', ' ');
INSERT INTO phpbb_smilies (smilies_id, code, smile_url, emoticon) VALUES ( 69, '[/蛋糕]', '69.gif', ' ');
INSERT INTO phpbb_smilies (smilies_id, code, smile_url, emoticon) VALUES ( 70, '[/闪电]', '70.gif', ' ');
INSERT INTO phpbb_smilies (smilies_id, code, smile_url, emoticon) VALUES ( 71, '[/炸弹]', '71.gif', ' ');
INSERT INTO phpbb_smilies (smilies_id, code, smile_url, emoticon) VALUES ( 72, '[/匕首]', '72.gif', ' ');
INSERT INTO phpbb_smilies (smilies_id, code, smile_url, emoticon) VALUES ( 73, '[/足球]', '73.gif', ' ');
INSERT INTO phpbb_smilies (smilies_id, code, smile_url, emoticon) VALUES ( 74, '[/瓢虫]', '74.gif', ' ');
INSERT INTO phpbb_smilies (smilies_id, code, smile_url, emoticon) VALUES ( 75, '[/便便]', '75.gif', ' ');
INSERT INTO phpbb_smilies (smilies_id, code, smile_url, emoticon) VALUES ( 76, '[/月亮]', '76.gif', ' ');
INSERT INTO phpbb_smilies (smilies_id, code, smile_url, emoticon) VALUES ( 77, '[/太阳]', '77.gif', ' ');
INSERT INTO phpbb_smilies (smilies_id, code, smile_url, emoticon) VALUES ( 78, '[/礼物]', '78.gif', ' ');
INSERT INTO phpbb_smilies (smilies_id, code, smile_url, emoticon) VALUES ( 79, '[/拥抱]', '79.gif', ' ');
INSERT INTO phpbb_smilies (smilies_id, code, smile_url, emoticon) VALUES ( 80, '[/强]', '80.gif', ' ');
INSERT INTO phpbb_smilies (smilies_id, code, smile_url, emoticon) VALUES ( 81, '[/弱]', '81.gif', ' ');
INSERT INTO phpbb_smilies (smilies_id, code, smile_url, emoticon) VALUES ( 82, '[/握手]', '82.gif', ' ');
INSERT INTO phpbb_smilies (smilies_id, code, smile_url, emoticon) VALUES ( 83, '[/胜利]', '83.gif', ' ');
INSERT INTO phpbb_smilies (smilies_id, code, smile_url, emoticon) VALUES ( 84, '[/抱拳]', '84.gif', ' ');
INSERT INTO phpbb_smilies (smilies_id, code, smile_url, emoticon) VALUES ( 85, '[/勾引]', '85.gif', ' ');
INSERT INTO phpbb_smilies (smilies_id, code, smile_url, emoticon) VALUES ( 86, '[/拳头]', '86.gif', ' ');
INSERT INTO phpbb_smilies (smilies_id, code, smile_url, emoticon) VALUES ( 87, '[/差劲]', '87.gif', ' ');
INSERT INTO phpbb_smilies (smilies_id, code, smile_url, emoticon) VALUES ( 88, '[/爱你]', '88.gif', ' ');
INSERT INTO phpbb_smilies (smilies_id, code, smile_url, emoticon) VALUES ( 89, '[/no]', '89.gif', ' ');
INSERT INTO phpbb_smilies (smilies_id, code, smile_url, emoticon) VALUES ( 90, '[/ok]', '90.gif', ' ');

#-- 搜索关键词
INSERT INTO phpbb_search_wordlist (word_id, word_text, word_common) VALUES ( 1, 'example', 0 );
INSERT INTO phpbb_search_wordlist (word_id, word_text, word_common) VALUES ( 2, 'post', 0 );
INSERT INTO phpbb_search_wordlist (word_id, word_text, word_common) VALUES ( 3, 'phpbb', 0 );
INSERT INTO phpbb_search_wordlist (word_id, word_text, word_common) VALUES ( 4, 'installation', 0 );
INSERT INTO phpbb_search_wordlist (word_id, word_text, word_common) VALUES ( 5, 'delete', 0 );
INSERT INTO phpbb_search_wordlist (word_id, word_text, word_common) VALUES ( 6, 'topic', 0 );
INSERT INTO phpbb_search_wordlist (word_id, word_text, word_common) VALUES ( 7, 'forum', 0 );
INSERT INTO phpbb_search_wordlist (word_id, word_text, word_common) VALUES ( 8, 'since', 0 );
INSERT INTO phpbb_search_wordlist (word_id, word_text, word_common) VALUES ( 9, 'everything', 0 );
INSERT INTO phpbb_search_wordlist (word_id, word_text, word_common) VALUES ( 10, 'seems', 0 );
INSERT INTO phpbb_search_wordlist (word_id, word_text, word_common) VALUES ( 11, 'working', 0 );
INSERT INTO phpbb_search_wordlist (word_id, word_text, word_common) VALUES ( 12, 'welcome', 0 );

#-- 搜索匹配
INSERT INTO phpbb_search_wordmatch (word_id, post_id, title_match) VALUES ( 1, 1, 0 );
INSERT INTO phpbb_search_wordmatch (word_id, post_id, title_match) VALUES ( 2, 1, 0 );
INSERT INTO phpbb_search_wordmatch (word_id, post_id, title_match) VALUES ( 3, 1, 0 );
INSERT INTO phpbb_search_wordmatch (word_id, post_id, title_match) VALUES ( 4, 1, 0 );
INSERT INTO phpbb_search_wordmatch (word_id, post_id, title_match) VALUES ( 5, 1, 0 );
INSERT INTO phpbb_search_wordmatch (word_id, post_id, title_match) VALUES ( 6, 1, 0 );
INSERT INTO phpbb_search_wordmatch (word_id, post_id, title_match) VALUES ( 7, 1, 0 );
INSERT INTO phpbb_search_wordmatch (word_id, post_id, title_match) VALUES ( 8, 1, 0 );
INSERT INTO phpbb_search_wordmatch (word_id, post_id, title_match) VALUES ( 9, 1, 0 );
INSERT INTO phpbb_search_wordmatch (word_id, post_id, title_match) VALUES ( 10, 1, 0 );
INSERT INTO phpbb_search_wordmatch (word_id, post_id, title_match) VALUES ( 11, 1, 0 );
INSERT INTO phpbb_search_wordmatch (word_id, post_id, title_match) VALUES ( 12, 1, 1 );
INSERT INTO phpbb_search_wordmatch (word_id, post_id, title_match) VALUES ( 3, 1, 1 );

#-- 禁止的扩展名
INSERT INTO phpbb_forbidden_extensions (ext_id, extension) VALUES (1,'php');
INSERT INTO phpbb_forbidden_extensions (ext_id, extension) VALUES (2,'php3');
INSERT INTO phpbb_forbidden_extensions (ext_id, extension) VALUES (3,'php4');
INSERT INTO phpbb_forbidden_extensions (ext_id, extension) VALUES (4,'phtml');
INSERT INTO phpbb_forbidden_extensions (ext_id, extension) VALUES (5,'pl');
INSERT INTO phpbb_forbidden_extensions (ext_id, extension) VALUES (6,'asp');
INSERT INTO phpbb_forbidden_extensions (ext_id, extension) VALUES (7,'cgi');
INSERT INTO phpbb_forbidden_extensions (ext_id, extension) VALUES (8,'php5');
INSERT INTO phpbb_forbidden_extensions (ext_id, extension) VALUES (9,'php6');

#-- 扩展名小组
INSERT INTO phpbb_extension_groups (group_id, group_name, cat_id, allow_group, download_mode, upload_icon, max_filesize, forum_permissions) VALUES (1,'图像',1,1,1,'',0,'');
INSERT INTO phpbb_extension_groups (group_id, group_name, cat_id, allow_group, download_mode, upload_icon, max_filesize, forum_permissions) VALUES (2,'文档',0,1,1,'',0,'');
INSERT INTO phpbb_extension_groups (group_id, group_name, cat_id, allow_group, download_mode, upload_icon, max_filesize, forum_permissions) VALUES (3,'文本',0,1,1,'',0,'');
INSERT INTO phpbb_extension_groups (group_id, group_name, cat_id, allow_group, download_mode, upload_icon, max_filesize, forum_permissions) VALUES (4,'文件',0,1,1,'',0,'');
INSERT INTO phpbb_extension_groups (group_id, group_name, cat_id, allow_group, download_mode, upload_icon, max_filesize, forum_permissions) VALUES (5,'音频',0,1,2,'',0,'');
INSERT INTO phpbb_extension_groups (group_id, group_name, cat_id, allow_group, download_mode, upload_icon, max_filesize, forum_permissions) VALUES (6,'流媒体',1,0,1,'',0,'');
INSERT INTO phpbb_extension_groups (group_id, group_name, cat_id, allow_group, download_mode, upload_icon, max_filesize, forum_permissions) VALUES (7,'Flash',3,1,1,'',0,'');

#-- 扩展名
INSERT INTO phpbb_extensions (ext_id, group_id, extension, comment) VALUES (1, 1,'gif', '');
INSERT INTO phpbb_extensions (ext_id, group_id, extension, comment) VALUES (2, 1,'png', '');
INSERT INTO phpbb_extensions (ext_id, group_id, extension, comment) VALUES (3, 1,'jpeg', '');
INSERT INTO phpbb_extensions (ext_id, group_id, extension, comment) VALUES (4, 1,'jpg', '');
INSERT INTO phpbb_extensions (ext_id, group_id, extension, comment) VALUES (5, 1,'tif', '');
INSERT INTO phpbb_extensions (ext_id, group_id, extension, comment) VALUES (6, 1,'tga', '');
INSERT INTO phpbb_extensions (ext_id, group_id, extension, comment) VALUES (7, 2,'gtar', '');
INSERT INTO phpbb_extensions (ext_id, group_id, extension, comment) VALUES (8, 2,'gz', '');
INSERT INTO phpbb_extensions (ext_id, group_id, extension, comment) VALUES (9, 2,'tar', '');
INSERT INTO phpbb_extensions (ext_id, group_id, extension, comment) VALUES (10, 2,'zip', '');
INSERT INTO phpbb_extensions (ext_id, group_id, extension, comment) VALUES (11, 2,'rar', '');
INSERT INTO phpbb_extensions (ext_id, group_id, extension, comment) VALUES (12, 2,'ace', '');
INSERT INTO phpbb_extensions (ext_id, group_id, extension, comment) VALUES (13, 3,'txt', '');
INSERT INTO phpbb_extensions (ext_id, group_id, extension, comment) VALUES (14, 3,'c', '');
INSERT INTO phpbb_extensions (ext_id, group_id, extension, comment) VALUES (15, 3,'h', '');
INSERT INTO phpbb_extensions (ext_id, group_id, extension, comment) VALUES (16, 3,'cpp', '');
INSERT INTO phpbb_extensions (ext_id, group_id, extension, comment) VALUES (17, 3,'hpp', '');
INSERT INTO phpbb_extensions (ext_id, group_id, extension, comment) VALUES (18, 3,'diz', '');
INSERT INTO phpbb_extensions (ext_id, group_id, extension, comment) VALUES (19, 4,'xls', '');
INSERT INTO phpbb_extensions (ext_id, group_id, extension, comment) VALUES (20, 4,'doc', '');
INSERT INTO phpbb_extensions (ext_id, group_id, extension, comment) VALUES (21, 4,'dot', '');
INSERT INTO phpbb_extensions (ext_id, group_id, extension, comment) VALUES (22, 4,'pdf', '');
INSERT INTO phpbb_extensions (ext_id, group_id, extension, comment) VALUES (23, 4,'ai', '');
INSERT INTO phpbb_extensions (ext_id, group_id, extension, comment) VALUES (24, 4,'ps', '');
INSERT INTO phpbb_extensions (ext_id, group_id, extension, comment) VALUES (25, 4,'ppt', '');
INSERT INTO phpbb_extensions (ext_id, group_id, extension, comment) VALUES (26, 5,'rm', '');
INSERT INTO phpbb_extensions (ext_id, group_id, extension, comment) VALUES (27, 6,'wma', '');
INSERT INTO phpbb_extensions (ext_id, group_id, extension, comment) VALUES (28, 7,'swf', '');

#-- 限制设置
INSERT INTO phpbb_quota_limits (quota_limit_id, quota_desc, quota_limit) VALUES (1, '低', 262144);
INSERT INTO phpbb_quota_limits (quota_limit_id, quota_desc, quota_limit) VALUES (2, '中', 2097152);
INSERT INTO phpbb_quota_limits (quota_limit_id, quota_desc, quota_limit) VALUES (3, '高', 5242880);

#-- 规则分类
INSERT INTO phpbb_rules_cat (cat_r_id, cat_r_name) VALUES (1, '测试规则分类');

#-- 规则
INSERT INTO phpbb_rules (rule_id, rule_cat_id, rule_name, rule_subj, rule_moder) VALUES (1, 1, '1.1', '您好！这是一条测试的规则，如果你不喜欢您可以删除、编辑它。', 1);

#-- 页面
INSERT INTO phpbb_pages (page_id, page_ago, page_title) VALUES (1, 0, '导航隐藏模块');
INSERT INTO phpbb_pages (page_id, page_ago, page_title) VALUES (2, 0, '导航隐藏模块2');
INSERT INTO phpbb_pages (page_id, page_ago, page_title) VALUES (3, 0, '导航隐藏模块3');
INSERT INTO phpbb_pages (page_id, page_ago, page_title) VALUES (4, 0, '论坛帖子隐藏模块');

#-- 模块
INSERT INTO phpbb_modules (module_id, module_title, module_text, module_param, module_hide, module_br, module_type, module_sort, module_page, module_needle) VALUES (1, '', '', '', 0, 0, -2, 0, 0, 0);
INSERT INTO phpbb_modules (module_id, module_title, module_text, module_param, module_hide, module_br, module_type, module_sort, module_page, module_needle) VALUES (2, '', '[html]&amp;lt;div class=&amp;quot;index-cat&amp;quot;&amp;gt;&amp;lt;a href=&amp;quot;guestbook.php&amp;quot;&amp;gt;留言建议&amp;lt;/a&amp;gt;|&amp;lt;a href=&amp;quot;memberlist.php?admin&amp;quot;&amp;gt;管理团队&amp;lt;/a&amp;gt;|&amp;lt;a href=&amp;quot;links.php&amp;quot;&amp;gt;友情链接&amp;lt;/a&amp;gt;&amp;lt;/div&amp;gt;\n[/html]', '', 0, 0, -3, 0, 0, 0);
INSERT INTO phpbb_modules (module_id, module_title, module_text, module_param, module_hide, module_br, module_type, module_sort, module_page, module_needle) VALUES (3, '', '[html]&amp;lt;img src=&amp;quot;[LOGO]&amp;quot; alt=&amp;quot;.&amp;quot; title=&amp;quot;.&amp;quot; border=&amp;quot;0&amp;quot;/&amp;gt;[/html]', '', 0, 0, -1, 0, 0, 0);
INSERT INTO phpbb_modules (module_id, module_title, module_text, module_param, module_hide, module_br, module_type, module_sort, module_page, module_needle) VALUES (4, '', '[html]&amp;lt;div class=&amp;quot;index_bottom&amp;quot;&amp;gt;版权所有 (c) phpBB-WAP 2012-2014&amp;lt;/div&amp;gt;[/html]', '', 0, 0, -4, 0, 0, 0);
INSERT INTO phpbb_modules (module_id, module_title, module_text, module_param, module_hide, module_br, module_type, module_sort, module_page, module_needle) VALUES (5, '', '[html]&amp;lt;meta name=&amp;quot;viewport&amp;quot; content=&amp;quot;width=device-width; initial-scale=1.0; minimum-scale=1.0; maximum-scale=2.0&amp;quot; /&amp;gt;\n    &amp;lt;meta name=&amp;quot;apple-mobile-web-app-capable&amp;quot; content=&amp;quot;yes&amp;quot; /&amp;gt;\n    &amp;lt;meta name=&amp;quot;apple-mobile-web-app-status-bar-style&amp;quot; content=&amp;quot;black&amp;quot; /&amp;gt;\n		&amp;lt;script type=&amp;quot;text/javascript&amp;quot;&amp;gt;\n$(function () {\n	$(&amp;quot;img&amp;quot;).attr(&amp;quot;border&amp;quot;, &amp;quot;0&amp;quot;);\n});\n\nif (!+[1,]) document.write(&#039;亲，当你看到这句提示时，赶紧换个浏览器吧！&#039;);&amp;lt;/script&amp;gt;[/html]', '', 0, 0, -5, 0, 0, 0);
INSERT INTO phpbb_modules (module_id, module_title, module_text, module_param, module_hide, module_br, module_type, module_sort, module_page, module_needle) VALUES (6, '导航隐藏模块', '[html]&amp;lt;div class=&amp;quot;index_top&amp;quot;&amp;gt;[/html]', '', 1, 0, 0, 0, 0, 1);
INSERT INTO phpbb_modules (module_id, module_title, module_text, module_param, module_hide, module_br, module_type, module_sort, module_page, module_needle) VALUES (7, '导航隐藏模块2', '[html]&amp;lt;a href=&amp;quot;forum.php&amp;quot;&amp;gt;论坛&amp;lt;/a&amp;gt;\n&amp;lt;a href=&amp;quot;mods.php&amp;quot;&amp;gt;应用&amp;lt;/a&amp;gt;\n&amp;lt;a href=&amp;quot;guestbook.php&amp;quot;&amp;gt;留言&amp;lt;/a&amp;gt;\n&amp;lt;a href=&amp;quot;memberlist.php&amp;quot;&amp;gt;会员&amp;lt;/a&amp;gt;\n&amp;lt;a href=&amp;quot;[MOD=wadou]&amp;quot;&amp;gt;挖豆&amp;lt;/a&amp;gt;[br]\n&amp;lt;a href=&amp;quot;groupcp.php&amp;quot;&amp;gt;小组&amp;lt;/a&amp;gt;\n&amp;lt;a href=&amp;quot;rules.php&amp;quot;&amp;gt;规则&amp;lt;/a&amp;gt;\n&amp;lt;a href=&amp;quot;viewonline.php&amp;quot;&amp;gt;在线&amp;lt;/a&amp;gt;\n&amp;lt;a href=&amp;quot;[MOD=sign]&amp;quot;&amp;gt;签到&amp;lt;/a&amp;gt;\n&amp;lt;a href=&amp;quot;[MOD=bbchat]&amp;quot;&amp;gt;聊天&amp;lt;/a&amp;gt;[/html]', '', 1, 0, 0, 0, 0, 2);
INSERT INTO phpbb_modules (module_id, module_title, module_text, module_param, module_hide, module_br, module_type, module_sort, module_page, module_needle) VALUES (8, '导航隐藏模块3', '[html]&amp;lt;/div&amp;gt;[/html]', '', 1, 0, 0, 0, 0, 3);
INSERT INTO phpbb_modules (module_id, module_title, module_text, module_param, module_hide, module_br, module_type, module_sort, module_page, module_needle) VALUES (9, '论坛帖子隐藏模块', '[html]\n&amp;lt;div class=&amp;quot;index-cat&amp;quot;&amp;gt;&amp;lt;a href=&amp;quot;forum.php&amp;quot;&amp;gt;论坛&amp;lt;/a&amp;gt; - 最新帖子&amp;lt;/div&amp;gt;\n&amp;lt;div class=&amp;quot;index-row index-topic&amp;quot;&amp;gt;\n[调用帖子_0_1_2_1_5]\n&amp;lt;/div&amp;gt;\n&amp;lt;div class=&amp;quot;clear&amp;quot;&amp;gt;&amp;lt;/div&amp;gt;[/html]', '', 1, 0, 0, 0, 0, 4);

INSERT INTO phpbb_album_config (config_name, config_value) VALUES ('max_pics', '1024');
INSERT INTO phpbb_album_config (config_name, config_value) VALUES ('user_pics_limit', '50');
INSERT INTO phpbb_album_config (config_name, config_value) VALUES ('mod_pics_limit', '250');
INSERT INTO phpbb_album_config (config_name, config_value) VALUES ('max_file_size', '1024000');
INSERT INTO phpbb_album_config (config_name, config_value) VALUES ('max_width', '1200');
INSERT INTO phpbb_album_config (config_name, config_value) VALUES ('max_height', '1200');
INSERT INTO phpbb_album_config (config_name, config_value) VALUES ('rows_per_page', '3');
INSERT INTO phpbb_album_config (config_name, config_value) VALUES ('cols_per_page', '1');
INSERT INTO phpbb_album_config (config_name, config_value) VALUES ('fullpic_popup', '1');
INSERT INTO phpbb_album_config (config_name, config_value) VALUES ('thumbnail_quality', '100');
INSERT INTO phpbb_album_config (config_name, config_value) VALUES ('thumbnail_size', '125');
INSERT INTO phpbb_album_config (config_name, config_value) VALUES ('thumbnail_cache', '0');
INSERT INTO phpbb_album_config (config_name, config_value) VALUES ('sort_method', 'pic_time');
INSERT INTO phpbb_album_config (config_name, config_value) VALUES ('sort_order', 'DESC');
INSERT INTO phpbb_album_config (config_name, config_value) VALUES ('jpg_allowed', '1');
INSERT INTO phpbb_album_config (config_name, config_value) VALUES ('png_allowed', '1');
INSERT INTO phpbb_album_config (config_name, config_value) VALUES ('gif_allowed', '1');
INSERT INTO phpbb_album_config (config_name, config_value) VALUES ('desc_length', '512');
INSERT INTO phpbb_album_config (config_name, config_value) VALUES ('hotlink_prevent', '0');
INSERT INTO phpbb_album_config (config_name, config_value) VALUES ('hotlink_allowed', 'smartor.is-root.com');
INSERT INTO phpbb_album_config (config_name, config_value) VALUES ('personal_gallery', '0');
INSERT INTO phpbb_album_config (config_name, config_value) VALUES ('personal_gallery_private', '0');
INSERT INTO phpbb_album_config (config_name, config_value) VALUES ('personal_gallery_limit', '10');
INSERT INTO phpbb_album_config (config_name, config_value) VALUES ('personal_gallery_view', '-1');
INSERT INTO phpbb_album_config (config_name, config_value) VALUES ('rate', '1');
INSERT INTO phpbb_album_config (config_name, config_value) VALUES ('rate_scale', '10');
INSERT INTO phpbb_album_config (config_name, config_value) VALUES ('comment', '1');
INSERT INTO phpbb_album_config (config_name, config_value) VALUES ('gd_version', '2');
INSERT INTO phpbb_album_config (config_name, config_value) VALUES ('album_version', '.0.54');

INSERT INTO phpbb_styles (style_id, style_name, style_path, style_version, style_copyright) VALUES (1, 'Gray', 'Gray', '适用于6.1正式版', 'phpBB-WAP Group');